,Caki-1 vs 786-O,HEK-293 vs 786-O,Caki-1 vs HEK-293
metabolite_identification,ratio,ratio,ratio
N-acetylphenylalanine,0.171161305,0.183823048,0.931119938
Isoleucine,0.542550294,0.595983278,0.910344828
Leucine,0.542550294,0.595983278,0.910344828
Phenylalanine,0.35004409,0.363267906,0.963597623
Cysteineglutathione-disulfide,1.085262045,13.11754304,0.082733637
Hydroxyprolyl-valine,0.029775555,1.351191484,0.022036517
N-lactoyl-leucine,0.969058199,0.693422388,1.397500594
